"split","Overall","Box level","Contour level","Image level","Mask level"
"none","0.489010989010989","0.2983050847457627","0.5036958817317846","0.5006353240152478","0.5047518479408659"
