"split","Overall","Box level","Contour level","Image level","Mask level"
"none","0.33494505494505494","0.2305084745762712","0.31045406546990495","0.35324015247776364","0.34635691657866946"
