"split","Overall","Box level","Contour level","Image level","Mask level"
"none","0.43054945054945054","0.29152542372881357","0.42027455121436114","0.44006776789495977","0.4604012671594509"
