"split","Overall","Box level","Contour level","Image level","Mask level"
"none","0.4646153846153846","0.36271186440677966","0.4815205913410771","0.46378653113087676","0.4815205913410771"
