"split","Overall","Box level","Contour level","Image level","Mask level"
"none","0.512087912087912","0.33220338983050846","0.53220696937698","0.516306649724693","0.5374868004223865"
