"split","Overall","Box level","Contour level","Image level","Mask level"
"none","0.3362637362637363","0.24067796610169492","0.32946145723336856","0.34731046166878443","0.3453009503695882"
