"split","Overall","Box level","Contour level","Image level","Mask level"
"none","0.4452747252747253","0.3254237288135593","0.470960929250264","0.43879711986446424","0.4730728616684266"
