"split","Overall","Box level","Contour level","Image level","Mask level"
"none","0.33802197802197803","0.28135593220338984","0.293558606124604","0.3833121558661584","0.28722280887011614"
