"split","Overall","Box level","Contour level","Image level","Mask level"
"none","0.40901098901098903","0.33559322033898303","0.47624076029567053","0.3655230834392207","0.4730728616684266"
